{"snapshotRole":{"withoutSnapshots":0},"state":"trained","id":"36B38A16-1152-41CF-988D-687AECAF259A","version":"1.0","modelEntity":{"modifiedDate":"2024-03-10T07:33:48Z","createdDate":"2024-03-10T07:33:48Z","id":"6B03ABE3-DE7A-439F-B240-EFA7666626F8","preferredFilename":"","title":"","modelURL":"Models\/Image%20Classification%20Project%201%201.mlmodel","experimentID":"36B38A16-1152-41CF-988D-687AECAF259A","version":"1.0"},"createdDate":"2024-03-10T07:33:48Z","evaluationContainerEntity":{"previewType":"imageClassifier","createdDate":"2024-03-10T07:43:01Z","evaluationEntities":[],"trainingEvaluationEntity":{"dataSourceID":"6F2F09B9-2083-4CB8-879B-8EB121DFB1B2","analysedDataType":"none","evaluationResult":{"imageClassifier":{"confusionMatrix":[{"actual":"Bread","expected":"Bread","count":95},{"actual":"Meat","count":95,"expected":"Meat"}],"accuracy":1,"statsByLabel":{"Meat":{"precisionRecall":{"success":{"recall":1,"precision":1}},"count":95},"Bread":{"count":95,"precisionRecall":{"success":{"precision":1,"recall":1}}}}}},"createdDate":"2024-03-10T07:33:48Z","dataResult":{"dataAnalysis":{"summary":{"sampleCount":200,"canUseValidation":1,"classCount":2},"classifierAnalysis":{"labelStats":{"Meat":100,"Bread":100}},"issues":[{"description":"2 classes found, including Meat, Bread","severity":"debug"},{"description":"200 images found, automatically creating validation set","severity":"good"},{"severity":"debug","description":"Smallest class is \"Bread\" with 100 images"},{"description":"Largest class is \"Meat\" with 100 images","severity":"debug"}]},"createdDate":"2024-03-10T07:33:48Z","dataSourceID":"6F2F09B9-2083-4CB8-879B-8EB121DFB1B2","itemsCount":200,"dataURL":"file:\/\/\/Users\/bharath\/Desktop\/Image%20Classification%20Dataset\/Train\/","classesCount":2},"id":"37bb3d3c-2c9a-4074-b692-60d25c11d4e6"},"id":"e4a1f38f-c92a-43f6-bacd-74babf8f712c","validationEvaluationEntity":{"evaluationResult":{"imageClassifier":{"confusionMatrix":[{"actual":"Bread","expected":"Bread","count":5},{"count":1,"actual":"Meat","expected":"Bread"},{"actual":"Meat","expected":"Meat","count":4}],"statsByLabel":{"Bread":{"count":5,"precisionRecall":{"success":{"recall":1,"precision":0.8333333333333334}}},"Meat":{"count":5,"precisionRecall":{"success":{"recall":0.8,"precision":1}}}},"accuracy":0.9}},"analysedDataType":"auto","createdDate":"2024-03-10T07:33:48Z","dataResult":{"createdDate":"2024-03-10T07:33:48Z"},"id":"be06b463-662a-4daf-8f4e-9097dca9ac54"},"testingEvaluationEntity":{"id":"9274d0d6-c4b3-4f24-9574-b5c8030a7d8f","startTime":"2024-03-10T07:43:00Z","accuracy":0.9,"dataResult":{"dataSourceID":"86360E21-7E11-4A06-9BD4-42CC101B4315","createdDate":"2024-03-10T07:33:48Z","classesCount":2,"itemsCount":20,"dataAnalysis":{"classifierAnalysis":{"labelStats":{"Meat":10,"Bread":10}},"summary":{"sampleCount":20,"classCount":2,"canUseValidation":0},"issues":[{"severity":"debug","description":"2 classes found, including Meat, Bread"},{"description":"Less than 50 total images found - add more to improve model validation","severity":"warning"},{"description":"Smallest class is \"Bread\" with 10 images","severity":"debug"},{"description":"Largest class is \"Meat\" with 10 images","severity":"debug"}]},"dataURL":"file:\/\/\/Users\/bharath\/Desktop\/Image%20Classification%20Dataset\/Test\/"},"analysedDataType":"datasource","finishTime":"2024-03-10T07:43:01Z","evaluationResult":{"imageClassifier":{"statsByLabel":{"Bread":{"precisionRecall":{"success":{"recall":1,"precision":0.8333333333333334}},"count":10},"Meat":{"precisionRecall":{"success":{"recall":0.8,"precision":1}},"count":10}},"accuracy":0.9,"detail":{"predictions":{"Bread":[{"truePositive":{}},[{"predictions":{"Meat":2.7394826e-06,"Bread":0.99999726},"predicted":"Bread","actual":"Bread","url":"file:\/\/\/Users\/bharath\/Desktop\/Image%20Classification%20Dataset\/Test\/Bread\/8.jpg"},{"predictions":{"Bread":1,"Meat":4.041054e-10},"predicted":"Bread","actual":"Bread","url":"file:\/\/\/Users\/bharath\/Desktop\/Image%20Classification%20Dataset\/Test\/Bread\/9.jpg"},{"predictions":{"Meat":1.6061559e-06,"Bread":0.9999984},"url":"file:\/\/\/Users\/bharath\/Desktop\/Image%20Classification%20Dataset\/Test\/Bread\/10.jpg","predicted":"Bread","actual":"Bread"},{"url":"file:\/\/\/Users\/bharath\/Desktop\/Image%20Classification%20Dataset\/Test\/Bread\/4.jpg","predictions":{"Meat":0.08768842,"Bread":0.91231155},"actual":"Bread","predicted":"Bread"},{"predicted":"Bread","predictions":{"Meat":1.6610343e-09,"Bread":1},"url":"file:\/\/\/Users\/bharath\/Desktop\/Image%20Classification%20Dataset\/Test\/Bread\/5.jpg","actual":"Bread"},{"predictions":{"Bread":1,"Meat":8.325747e-09},"url":"file:\/\/\/Users\/bharath\/Desktop\/Image%20Classification%20Dataset\/Test\/Bread\/7.jpg","actual":"Bread","predicted":"Bread"},{"predicted":"Bread","actual":"Bread","url":"file:\/\/\/Users\/bharath\/Desktop\/Image%20Classification%20Dataset\/Test\/Bread\/6.jpg","predictions":{"Meat":1.9041597e-07,"Bread":0.9999998}},{"url":"file:\/\/\/Users\/bharath\/Desktop\/Image%20Classification%20Dataset\/Test\/Bread\/2.jpg","predictions":{"Bread":0.9833576,"Meat":0.016642366},"predicted":"Bread","actual":"Bread"},{"predicted":"Bread","url":"file:\/\/\/Users\/bharath\/Desktop\/Image%20Classification%20Dataset\/Test\/Bread\/3.jpg","predictions":{"Bread":0.9998493,"Meat":0.00015066119},"actual":"Bread"},{"url":"file:\/\/\/Users\/bharath\/Desktop\/Image%20Classification%20Dataset\/Test\/Bread\/1.jpg","predictions":{"Meat":1.1002931e-09,"Bread":1},"actual":"Bread","predicted":"Bread"}],{"falsePositive":{}},[{"url":"file:\/\/\/Users\/bharath\/Desktop\/Image%20Classification%20Dataset\/Test\/Meat\/8.jpg","actual":"Meat","predictions":{"Meat":0.07482379,"Bread":0.9251762},"predicted":"Bread"},{"predictions":{"Bread":0.5742389,"Meat":0.42576107},"actual":"Meat","predicted":"Bread","url":"file:\/\/\/Users\/bharath\/Desktop\/Image%20Classification%20Dataset\/Test\/Meat\/5.jpg"}],{"falseNegative":{}},[]],"Meat":[{"falseNegative":{}},[{"actual":"Meat","predicted":"Bread","url":"file:\/\/\/Users\/bharath\/Desktop\/Image%20Classification%20Dataset\/Test\/Meat\/8.jpg","predictions":{"Bread":0.9251762,"Meat":0.07482379}},{"predicted":"Bread","url":"file:\/\/\/Users\/bharath\/Desktop\/Image%20Classification%20Dataset\/Test\/Meat\/5.jpg","actual":"Meat","predictions":{"Meat":0.42576107,"Bread":0.5742389}}],{"truePositive":{}},[{"actual":"Meat","predicted":"Meat","predictions":{"Bread":2.4618039e-05,"Meat":0.9999754},"url":"file:\/\/\/Users\/bharath\/Desktop\/Image%20Classification%20Dataset\/Test\/Meat\/9.jpg"},{"predicted":"Meat","predictions":{"Bread":1.6396913e-05,"Meat":0.9999836},"url":"file:\/\/\/Users\/bharath\/Desktop\/Image%20Classification%20Dataset\/Test\/Meat\/10.jpg","actual":"Meat"},{"url":"file:\/\/\/Users\/bharath\/Desktop\/Image%20Classification%20Dataset\/Test\/Meat\/4.jpg","predicted":"Meat","actual":"Meat","predictions":{"Bread":3.899563e-06,"Meat":0.9999961}},{"predictions":{"Meat":0.99925375,"Bread":0.0007462373},"actual":"Meat","predicted":"Meat","url":"file:\/\/\/Users\/bharath\/Desktop\/Image%20Classification%20Dataset\/Test\/Meat\/7.jpg"},{"predictions":{"Bread":0.00084158056,"Meat":0.99915844},"predicted":"Meat","actual":"Meat","url":"file:\/\/\/Users\/bharath\/Desktop\/Image%20Classification%20Dataset\/Test\/Meat\/6.jpg"},{"url":"file:\/\/\/Users\/bharath\/Desktop\/Image%20Classification%20Dataset\/Test\/Meat\/2.jpg","actual":"Meat","predicted":"Meat","predictions":{"Bread":0.0008157558,"Meat":0.99918425}},{"actual":"Meat","predictions":{"Bread":0.0050737467,"Meat":0.9949263},"predicted":"Meat","url":"file:\/\/\/Users\/bharath\/Desktop\/Image%20Classification%20Dataset\/Test\/Meat\/3.jpg"},{"actual":"Meat","predicted":"Meat","predictions":{"Bread":3.5105952e-06,"Meat":0.9999965},"url":"file:\/\/\/Users\/bharath\/Desktop\/Image%20Classification%20Dataset\/Test\/Meat\/1.jpg"}],{"falsePositive":{}},[]]}},"confusionMatrix":[{"expected":"Bread","actual":"Bread","count":10},{"count":2,"actual":"Meat","expected":"Bread"},{"actual":"Meat","expected":"Meat","count":8}]}},"createdDate":"2024-03-10T07:33:48Z","dataSourceID":"86360E21-7E11-4A06-9BD4-42CC101B4315"},"modifiedDate":"2024-03-10T07:43:01Z"},"evaluationEntity":{"id":"e19e8c0c-7ee5-4323-ad7c-64245a7425d4","analysedDataType":"none","dataResult":{}},"modifiedDate":"2024-03-10T07:43:01Z","preferredFilename":"Image Classification Project 1 1","activityEntities":["trainingFinished",[{"createdDate":"2024-03-10T07:42:57Z","title":"Training Completed","id":"D80EC878-D7B1-451E-82FD-065AB1DD9427","subtitle":"Model converged at 12 iterations","event":"trainingFinished"}],"evaluationFinished",[{"event":"evaluationFinished","createdDate":"2024-03-10T07:43:01Z","title":"Testing Completed","id":"C1AA6032-470A-4CDF-BE12-F9A3E892CC57","subtitle":"Image Classification Project 1 1"}],"experimentCreated",[{"createdDate":"2024-03-10T07:33:48Z","id":"DA8BFFA8-F487-4C4A-9B94-1A0D384D4067","subtitle":"Image Classification Project 1 1","title":"Model Source Created","event":"experimentCreated"}],"trainingStarted",[{"createdDate":"2024-03-10T07:42:55Z","event":"trainingStarted","subtitle":"25 iterations","id":"2808765C-B51A-4E25-A25A-6C1050153E13","title":"Training Started"}],"evaluationStarted",[{"event":"evaluationStarted","subtitle":"Image Classification Project 1 1","id":"EBEBE47E-7D87-41CE-ACC2-E7D4756B5BF7","title":"Testing Started","createdDate":"2024-03-10T07:43:00Z"}],"trainingDataAdded",[{"createdDate":"2024-03-10T07:38:59Z","title":"Training Data Added","event":"trainingDataAdded","id":"9E3B9849-132A-4C57-BCA7-7311264BE928","subtitle":"Train"}]],"contentDataResult":{"createdDate":"2024-03-10T07:33:48Z"},"trainingEntity":{"validationAccuracy":0.9,"trainingResults":{"imageClassifier":{"accuracy":1,"statsByLabel":{"Bread":{"count":95,"precisionRecall":{"success":{"recall":1,"precision":1}}},"Meat":{"count":95,"precisionRecall":{"success":{"recall":1,"precision":1}}}},"confusionMatrix":[{"count":95,"expected":"Bread","actual":"Bread"},{"expected":"Meat","count":95,"actual":"Meat"}]}},"featureExtractionCheckpointMayBeAvailable":false,"validationResults":{"imageClassifier":{"statsByLabel":{"Meat":{"count":5,"precisionRecall":{"success":{"precision":1,"recall":0.8}}},"Bread":{"count":5,"precisionRecall":{"success":{"precision":0.8333333333333334,"recall":1}}}},"accuracy":0.9,"confusionMatrix":[{"actual":"Bread","expected":"Bread","count":5},{"expected":"Bread","count":1,"actual":"Meat"},{"expected":"Meat","actual":"Meat","count":4}]}},"finishTime":"2024-03-10T07:42:57Z","analysedDataType":"datasource","trainingAccuracy":1,"startTime":"2024-03-10T07:42:55Z","dataSourceID":"6F2F09B9-2083-4CB8-879B-8EB121DFB1B2","dataResult":{"dataSourceID":"6F2F09B9-2083-4CB8-879B-8EB121DFB1B2","classesCount":2,"itemsCount":200,"dataAnalysis":{"summary":{"canUseValidation":1,"sampleCount":200,"classCount":2},"issues":[{"severity":"debug","description":"2 classes found, including Meat, Bread"},{"severity":"good","description":"200 images found, automatically creating validation set"},{"severity":"debug","description":"Smallest class is \"Bread\" with 100 images"},{"severity":"debug","description":"Largest class is \"Meat\" with 100 images"}],"classifierAnalysis":{"labelStats":{"Meat":100,"Bread":100}}},"createdDate":"2024-03-10T07:33:48Z","dataURL":"file:\/\/\/Users\/bharath\/Desktop\/Image%20Classification%20Dataset\/Train\/"},"progress":[{"isLast":false,"count":0,"percentComplete":0,"tableDone":false,"tableIndex":0,"currentRowIndex":0},{"icTrainingColumnHeader":{"elapsedTime":0.020659923553466797,"trainingAccuracy":0.9105263157894737,"validationAccuracy":0.8,"hasValidation":true,"iterationCount":2},"tableDone":false,"currentRowIndex":0,"count":2,"isLast":false,"percentComplete":0,"tableIndex":0},{"isLast":false,"currentRowIndex":0,"tableIndex":0,"tableDone":false,"icTrainingColumnHeader":{"trainingAccuracy":0.9578947368421052,"hasValidation":true,"iterationCount":3,"elapsedTime":0.025465965270996094,"validationAccuracy":0.9},"percentComplete":0,"count":3},{"count":4,"percentComplete":0,"currentRowIndex":0,"isLast":false,"icTrainingColumnHeader":{"hasValidation":true,"elapsedTime":0.02847301959991455,"trainingAccuracy":0.9578947368421052,"validationAccuracy":0.9,"iterationCount":4},"tableIndex":0,"tableDone":false},{"percentComplete":0,"isLast":false,"tableIndex":0,"icTrainingColumnHeader":{"elapsedTime":0.040045976638793945,"validationAccuracy":0.9,"hasValidation":true,"iterationCount":5,"trainingAccuracy":0.9842105263157894},"currentRowIndex":0,"tableDone":false,"count":5},{"count":10,"percentComplete":0,"currentRowIndex":0,"tableDone":false,"tableIndex":0,"isLast":false},{"currentRowIndex":0,"tableDone":false,"isLast":false,"count":11,"tableIndex":0,"percentComplete":0,"icTrainingColumnHeader":{"iterationCount":11,"elapsedTime":0.06829094886779785,"trainingAccuracy":1,"validationAccuracy":0.9,"hasValidation":true}},{"currentRowIndex":0,"isLast":false,"count":12,"tableDone":true,"percentComplete":0,"icTrainingColumnHeader":{"elapsedTime":0.07184791564941406,"validationAccuracy":0.9,"iterationCount":12,"hasValidation":true,"trainingAccuracy":1},"tableIndex":0},{"tableDone":false,"percentComplete":0,"isLast":false,"currentRowIndex":0,"tableIndex":0,"count":15},{"percentComplete":0,"tableDone":false,"currentRowIndex":0,"tableIndex":0,"isLast":false,"count":20},{"count":25,"tableDone":false,"currentRowIndex":0,"tableIndex":0,"isLast":false,"percentComplete":0},{"tableDone":false,"isLast":false,"tableIndex":0,"currentRowIndex":0,"count":30,"percentComplete":0},{"percentComplete":0,"tableIndex":0,"count":35,"tableDone":false,"currentRowIndex":0,"isLast":false},{"percentComplete":0,"currentRowIndex":0,"isLast":false,"tableDone":false,"count":40,"tableIndex":0},{"tableIndex":0,"currentRowIndex":0,"isLast":false,"tableDone":false,"percentComplete":0,"count":45},{"percentComplete":0,"currentRowIndex":0,"isLast":false,"count":50,"tableDone":false,"tableIndex":0},{"tableIndex":0,"count":55,"percentComplete":0,"tableDone":false,"isLast":false,"currentRowIndex":0},{"tableDone":false,"tableIndex":0,"count":60,"isLast":false,"percentComplete":0,"currentRowIndex":0},{"tableDone":false,"percentComplete":0,"currentRowIndex":0,"tableIndex":0,"count":65,"isLast":false},{"tableDone":false,"currentRowIndex":0,"percentComplete":0,"tableIndex":0,"isLast":false,"count":70},{"currentRowIndex":0,"tableIndex":0,"isLast":false,"count":75,"percentComplete":0,"tableDone":false},{"tableDone":false,"isLast":false,"tableIndex":0,"count":80,"percentComplete":0,"currentRowIndex":0},{"tableIndex":0,"tableDone":false,"count":85,"percentComplete":0,"currentRowIndex":0,"isLast":false},{"isLast":false,"tableDone":false,"currentRowIndex":0,"tableIndex":0,"count":90,"percentComplete":0},{"percentComplete":0,"isLast":false,"tableDone":false,"count":95,"tableIndex":0,"currentRowIndex":0},{"isLast":false,"count":100,"currentRowIndex":0,"tableDone":false,"tableIndex":0,"percentComplete":0},{"count":105,"percentComplete":0,"currentRowIndex":0,"isLast":false,"tableIndex":0,"tableDone":false},{"tableDone":false,"count":110,"percentComplete":0,"currentRowIndex":0,"tableIndex":0,"isLast":false},{"tableDone":false,"count":115,"currentRowIndex":0,"tableIndex":0,"isLast":false,"percentComplete":0},{"currentRowIndex":0,"count":120,"tableIndex":0,"isLast":false,"tableDone":false,"percentComplete":0},{"isLast":false,"count":125,"tableIndex":0,"currentRowIndex":0,"tableDone":false,"percentComplete":0},{"percentComplete":0,"currentRowIndex":0,"tableIndex":0,"isLast":false,"count":130,"tableDone":false},{"tableDone":false,"currentRowIndex":0,"tableIndex":0,"count":135,"isLast":false,"percentComplete":0},{"percentComplete":0,"tableDone":false,"isLast":false,"tableIndex":0,"currentRowIndex":0,"count":140},{"currentRowIndex":0,"tableDone":false,"isLast":false,"count":145,"tableIndex":0,"percentComplete":0},{"currentRowIndex":0,"count":150,"tableIndex":0,"isLast":false,"percentComplete":0,"tableDone":false},{"tableDone":false,"currentRowIndex":0,"isLast":false,"tableIndex":0,"percentComplete":0,"count":155},{"currentRowIndex":0,"tableDone":false,"tableIndex":0,"count":160,"isLast":false,"percentComplete":0},{"isLast":false,"count":165,"tableDone":false,"percentComplete":0,"currentRowIndex":0,"tableIndex":0},{"tableIndex":0,"isLast":false,"count":170,"tableDone":false,"percentComplete":0,"currentRowIndex":0},{"percentComplete":0,"tableIndex":0,"isLast":false,"count":175,"tableDone":false,"currentRowIndex":0},{"tableDone":false,"count":180,"percentComplete":0,"tableIndex":0,"isLast":false,"currentRowIndex":0},{"tableDone":false,"isLast":false,"currentRowIndex":0,"tableIndex":0,"count":185,"percentComplete":0},{"tableIndex":0,"tableDone":false,"currentRowIndex":0,"isLast":false,"count":190,"percentComplete":0},{"tableIndex":0,"tableDone":false,"currentRowIndex":0,"percentComplete":0,"isLast":false,"count":195},{"currentRowIndex":0,"count":200,"percentComplete":0,"tableDone":true,"tableIndex":0,"isLast":false}],"snapshottableCheckpointModelURL":"Checkpoints\/36B38A16-1152-41CF-988D-687AECAF259A.ImageClassificationProject11.checkpoint\/training-000000025.checkpoint.model\/checkpointModel.mlmodel","checkpointMetrics":{"25":{"metrics":{},"createdDate":"2024-03-10T07:42:57Z","iteration":25}},"resumableCheckpoint":{"iteration":25,"createdDate":"2024-03-10T07:42:57Z","checkpointURL":"file:\/\/\/Users\/bharath\/Library\/Caches\/com.apple.dt.createml\/projects\/680A18D4-5C2B-4BE2-B107-DDCD346B18E673e988bcd4cb5c4ebe0b782ca9579b601fc169d1\/sessions\/checkpoint.sessions\/36B38A16-1152-41CF-988D-687AECAF259A\/training-000000025.checkpoint"},"resumableCheckpointURL":"Checkpoints\/36B38A16-1152-41CF-988D-687AECAF259A.ImageClassificationProject11.checkpoint","snapshottableCheckpoints":{"25":{"modelURL":"file:\/\/\/Users\/bharath\/Library\/Caches\/com.apple.dt.createml\/projects\/680A18D4-5C2B-4BE2-B107-DDCD346B18E673e988bcd4cb5c4ebe0b782ca9579b601fc169d1\/sessions\/checkpoint.sessions\/36B38A16-1152-41CF-988D-687AECAF259A\/training-000000025.checkpoint.model\/checkpointModel.mlmodel","iteration":25,"createdDate":"2024-03-10T07:42:57Z"}}},"settingEntity":{"featureExtractorType":"scenePrintV1","transferLearningEmbeddingType":"dynamic","seedType":"default","taskType":"imageClassifier","featureNames":[],"handPoseClassifierAugmentations":[],"handActionClassifierAugmentations":[],"iterationCount":25,"augmentations":[],"styleTransferAlgorithmType":"image","algorithmType":"maxEnt","harVideoAugmentations":0},"validationEntity":{"analysedDataType":"auto","dataResult":{"createdDate":"2024-03-10T07:33:48Z"}},"evaluationState":"evaluated","title":"Image Classification Project 1 1"}