[{"annotation":"Bread","featureShape":[2048]},{"annotation":"Bread","featureShape":[2048]},{"annotation":"Bread","featureShape":[2048]},{"annotation":"Bread","featureShape":[2048]},{"annotation":"Bread","featureShape":[2048]},{"annotation":"Bread","featureShape":[2048]},{"annotation":"Bread","featureShape":[2048]},{"featureShape":[2048],"annotation":"Bread"},{"featureShape":[2048],"annotation":"Bread"},{"featureShape":[2048],"annotation":"Bread"},{"annotation":"Bread","featureShape":[2048]},{"annotation":"Bread","featureShape":[2048]},{"featureShape":[2048],"annotation":"Bread"},{"featureShape":[2048],"annotation":"Bread"},{"annotation":"Bread","featureShape":[2048]},{"featureShape":[2048],"annotation":"Bread"},{"annotation":"Bread","featureShape":[2048]},{"annotation":"Bread","featureShape":[2048]},{"featureShape":[2048],"annotation":"Bread"},{"annotation":"Bread","featureShape":[2048]},{"featureShape":[2048],"annotation":"Bread"},{"featureShape":[2048],"annotation":"Bread"},{"annotation":"Bread","featureShape":[2048]},{"featureShape":[2048],"annotation":"Bread"},{"annotation":"Bread","featureShape":[2048]},{"featureShape":[2048],"annotation":"Bread"},{"annotation":"Bread","featureShape":[2048]},{"featureShape":[2048],"annotation":"Bread"},{"annotation":"Bread","featureShape":[2048]},{"featureShape":[2048],"annotation":"Bread"},{"featureShape":[2048],"annotation":"Bread"},{"annotation":"Bread","featureShape":[2048]},{"featureShape":[2048],"annotation":"Bread"},{"annotation":"Bread","featureShape":[2048]},{"annotation":"Bread","featureShape":[2048]},{"featureShape":[2048],"annotation":"Bread"},{"featureShape":[2048],"annotation":"Bread"},{"featureShape":[2048],"annotation":"Bread"},{"annotation":"Bread","featureShape":[2048]},{"featureShape":[2048],"annotation":"Bread"},{"annotation":"Bread","featureShape":[2048]},{"annotation":"Bread","featureShape":[2048]},{"featureShape":[2048],"annotation":"Bread"},{"featureShape":[2048],"annotation":"Bread"},{"annotation":"Bread","featureShape":[2048]},{"annotation":"Bread","featureShape":[2048]},{"annotation":"Bread","featureShape":[2048]},{"featureShape":[2048],"annotation":"Bread"},{"annotation":"Bread","featureShape":[2048]},{"annotation":"Bread","featureShape":[2048]},{"featureShape":[2048],"annotation":"Bread"},{"featureShape":[2048],"annotation":"Bread"},{"featureShape":[2048],"annotation":"Bread"},{"featureShape":[2048],"annotation":"Bread"},{"annotation":"Bread","featureShape":[2048]},{"featureShape":[2048],"annotation":"Bread"},{"annotation":"Bread","featureShape":[2048]},{"annotation":"Bread","featureShape":[2048]},{"annotation":"Bread","featureShape":[2048]},{"featureShape":[2048],"annotation":"Bread"},{"annotation":"Bread","featureShape":[2048]},{"annotation":"Bread","featureShape":[2048]},{"featureShape":[2048],"annotation":"Bread"},{"featureShape":[2048],"annotation":"Bread"},{"featureShape":[2048],"annotation":"Bread"},{"annotation":"Bread","featureShape":[2048]},{"featureShape":[2048],"annotation":"Bread"},{"annotation":"Bread","featureShape":[2048]},{"featureShape":[2048],"annotation":"Bread"},{"annotation":"Bread","featureShape":[2048]},{"annotation":"Bread","featureShape":[2048]},{"annotation":"Bread","featureShape":[2048]},{"annotation":"Bread","featureShape":[2048]},{"annotation":"Bread","featureShape":[2048]},{"annotation":"Bread","featureShape":[2048]},{"featureShape":[2048],"annotation":"Bread"},{"featureShape":[2048],"annotation":"Bread"},{"featureShape":[2048],"annotation":"Bread"},{"featureShape":[2048],"annotation":"Bread"},{"featureShape":[2048],"annotation":"Bread"},{"annotation":"Bread","featureShape":[2048]},{"featureShape":[2048],"annotation":"Bread"},{"featureShape":[2048],"annotation":"Bread"},{"annotation":"Bread","featureShape":[2048]},{"featureShape":[2048],"annotation":"Bread"},{"featureShape":[2048],"annotation":"Bread"},{"featureShape":[2048],"annotation":"Bread"},{"featureShape":[2048],"annotation":"Bread"},{"featureShape":[2048],"annotation":"Bread"},{"annotation":"Bread","featureShape":[2048]},{"featureShape":[2048],"annotation":"Bread"},{"featureShape":[2048],"annotation":"Bread"},{"featureShape":[2048],"annotation":"Bread"},{"featureShape":[2048],"annotation":"Bread"},{"featureShape":[2048],"annotation":"Bread"},{"featureShape":[2048],"annotation":"Bread"},{"annotation":"Bread","featureShape":[2048]},{"featureShape":[2048],"annotation":"Bread"},{"featureShape":[2048],"annotation":"Bread"},{"annotation":"Bread","featureShape":[2048]},{"featureShape":[2048],"annotation":"Meat"},{"featureShape":[2048],"annotation":"Meat"},{"featureShape":[2048],"annotation":"Meat"},{"featureShape":[2048],"annotation":"Meat"},{"annotation":"Meat","featureShape":[2048]},{"annotation":"Meat","featureShape":[2048]},{"annotation":"Meat","featureShape":[2048]},{"featureShape":[2048],"annotation":"Meat"},{"featureShape":[2048],"annotation":"Meat"},{"annotation":"Meat","featureShape":[2048]},{"annotation":"Meat","featureShape":[2048]},{"featureShape":[2048],"annotation":"Meat"},{"featureShape":[2048],"annotation":"Meat"},{"featureShape":[2048],"annotation":"Meat"},{"featureShape":[2048],"annotation":"Meat"},{"featureShape":[2048],"annotation":"Meat"},{"featureShape":[2048],"annotation":"Meat"},{"annotation":"Meat","featureShape":[2048]},{"featureShape":[2048],"annotation":"Meat"},{"annotation":"Meat","featureShape":[2048]},{"featureShape":[2048],"annotation":"Meat"},{"annotation":"Meat","featureShape":[2048]},{"featureShape":[2048],"annotation":"Meat"},{"featureShape":[2048],"annotation":"Meat"},{"featureShape":[2048],"annotation":"Meat"},{"featureShape":[2048],"annotation":"Meat"},{"annotation":"Meat","featureShape":[2048]},{"featureShape":[2048],"annotation":"Meat"},{"annotation":"Meat","featureShape":[2048]},{"featureShape":[2048],"annotation":"Meat"},{"annotation":"Meat","featureShape":[2048]},{"featureShape":[2048],"annotation":"Meat"},{"featureShape":[2048],"annotation":"Meat"},{"featureShape":[2048],"annotation":"Meat"},{"featureShape":[2048],"annotation":"Meat"},{"featureShape":[2048],"annotation":"Meat"},{"annotation":"Meat","featureShape":[2048]},{"annotation":"Meat","featureShape":[2048]},{"featureShape":[2048],"annotation":"Meat"},{"featureShape":[2048],"annotation":"Meat"},{"featureShape":[2048],"annotation":"Meat"},{"annotation":"Meat","featureShape":[2048]},{"featureShape":[2048],"annotation":"Meat"},{"annotation":"Meat","featureShape":[2048]},{"featureShape":[2048],"annotation":"Meat"},{"featureShape":[2048],"annotation":"Meat"},{"featureShape":[2048],"annotation":"Meat"},{"featureShape":[2048],"annotation":"Meat"},{"annotation":"Meat","featureShape":[2048]},{"featureShape":[2048],"annotation":"Meat"},{"featureShape":[2048],"annotation":"Meat"},{"featureShape":[2048],"annotation":"Meat"},{"featureShape":[2048],"annotation":"Meat"},{"featureShape":[2048],"annotation":"Meat"},{"annotation":"Meat","featureShape":[2048]},{"annotation":"Meat","featureShape":[2048]},{"annotation":"Meat","featureShape":[2048]},{"featureShape":[2048],"annotation":"Meat"},{"annotation":"Meat","featureShape":[2048]},{"annotation":"Meat","featureShape":[2048]},{"featureShape":[2048],"annotation":"Meat"},{"annotation":"Meat","featureShape":[2048]},{"featureShape":[2048],"annotation":"Meat"},{"annotation":"Meat","featureShape":[2048]},{"annotation":"Meat","featureShape":[2048]},{"featureShape":[2048],"annotation":"Meat"},{"annotation":"Meat","featureShape":[2048]},{"featureShape":[2048],"annotation":"Meat"},{"featureShape":[2048],"annotation":"Meat"},{"featureShape":[2048],"annotation":"Meat"},{"featureShape":[2048],"annotation":"Meat"},{"annotation":"Meat","featureShape":[2048]},{"featureShape":[2048],"annotation":"Meat"},{"featureShape":[2048],"annotation":"Meat"},{"annotation":"Meat","featureShape":[2048]},{"featureShape":[2048],"annotation":"Meat"},{"annotation":"Meat","featureShape":[2048]},{"annotation":"Meat","featureShape":[2048]},{"annotation":"Meat","featureShape":[2048]},{"featureShape":[2048],"annotation":"Meat"},{"featureShape":[2048],"annotation":"Meat"},{"featureShape":[2048],"annotation":"Meat"},{"annotation":"Meat","featureShape":[2048]},{"featureShape":[2048],"annotation":"Meat"},{"featureShape":[2048],"annotation":"Meat"},{"annotation":"Meat","featureShape":[2048]},{"annotation":"Meat","featureShape":[2048]},{"featureShape":[2048],"annotation":"Meat"},{"annotation":"Meat","featureShape":[2048]},{"featureShape":[2048],"annotation":"Meat"},{"featureShape":[2048],"annotation":"Meat"},{"annotation":"Meat","featureShape":[2048]},{"featureShape":[2048],"annotation":"Meat"},{"annotation":"Meat","featureShape":[2048]},{"featureShape":[2048],"annotation":"Meat"},{"featureShape":[2048],"annotation":"Meat"},{"annotation":"Meat","featureShape":[2048]},{"annotation":"Meat","featureShape":[2048]},{"annotation":"Meat","featureShape":[2048]},{"featureShape":[2048],"annotation":"Meat"}]