{"createdDate":"2024-03-10T07:38:15Z","preferredFilename":"Train","activityEntities":["dataSourceCreated",[{"event":"dataSourceCreated","subtitle":"Train","id":"9325B59D-5FD7-40BF-8C9F-49D8ADC31518","createdDate":"2024-03-10T07:38:15Z","title":"Data Source Created"}],"dataSourceTrainingStarted",[{"event":"dataSourceTrainingStarted","id":"2C58BA1C-BE47-42A4-ACDC-4338D52657F3","subtitle":"Image Classification Project 1 1","title":"Used By","createdDate":"2024-03-10T07:42:55Z"}],"dataSourceMetrics",[{"event":"dataSourceMetrics","title":"Data Summary","id":"0DB6980D-FCB9-40B3-9D7E-6FB3CF27A0FF","createdDate":"2024-03-10T07:42:55Z","subtitle":"2 Classes, 200 Items"}]],"pathType":0,"experimentIDs":["36B38A16-1152-41CF-988D-687AECAF259A"],"dataResult":{"createdDate":"2024-03-10T07:38:15Z","dataSourceID":"6F2F09B9-2083-4CB8-879B-8EB121DFB1B2","classesCount":2,"itemsCount":200,"dataAnalysis":{"classifierAnalysis":{"labelStats":{"Bread":100,"Meat":100}},"summary":{"classCount":2,"sampleCount":200,"canUseValidation":1},"issues":[{"severity":"debug","description":"2 classes found, including Meat, Bread"},{"severity":"good","description":"200 images found, automatically creating validation set"},{"description":"Smallest class is \"Bread\" with 100 images","severity":"debug"},{"severity":"debug","description":"Largest class is \"Meat\" with 100 images"}]},"dataURL":"file:\/\/\/Users\/bharath\/Desktop\/Image%20Classification%20Dataset\/Train\/"},"version":"1.0","dataPathRelativeToProjectURL":"..\/..\/Desktop\/Image%20Classification%20Dataset\/Train\/","dataURL":"file:\/\/\/Users\/bharath\/Desktop\/Image%20Classification%20Dataset\/Train\/","title":"Train","id":"6F2F09B9-2083-4CB8-879B-8EB121DFB1B2","modifiedDate":"2024-03-10T07:42:55Z"}